"Name","Calls","TotalDurationNs","AverageNs","Percentage","MinNs","MaxNs","StdDev"
"void at::native::elementwise_kernel_manual_unroll<128, 8, at::native::gpu_kernel_impl_nocast<at::native::BinaryFunctor<c10::BFloat16, c10::BFloat16, c10::BFloat16, at::native::binary_internal::MulFunctor<float> > >(at::TensorIteratorBase&, at::native::BinaryFunctor<c10::BFloat16, c10::BFloat16, c10::BFloat16, at::native::binary_internal::MulFunctor<float> > const&)::{lambda(int, bool)#1}>(int, at::native::gpu_kernel_impl_nocast<at::native::BinaryFunctor<c10::BFloat16, c10::BFloat16, c10::BFloat16, at::native::binary_internal::MulFunctor<float> > >(at::TensorIteratorBase&, at::native::BinaryFunctor<c10::BFloat16, c10::BFloat16, c10::BFloat16, at::native::binary_internal::MulFunctor<float> > const&)::{lambda(int, bool)#1})",128,533695,4169.492188,7.15,3127,18001,1409.983481
"void at::native::vectorized_elementwise_kernel<4, at::native::bfloat16_copy_kernel_cuda(at::TensorIteratorBase&)::{lambda(float)#1}, std::array<char*, 2ul> >(int, at::native::bfloat16_copy_kernel_cuda(at::TensorIteratorBase&)::{lambda(float)#1}, std::array<char*, 2ul>)",156,527830,3383.525641,7.07,1964,19284,3525.512991
"void at::native::vectorized_elementwise_kernel<4, at::native::bfloat16tofloat32_copy_kernel_cuda(at::TensorIteratorBase&)::{lambda(c10::BFloat16)#1}, std::array<char*, 2ul> >(int, at::native::bfloat16tofloat32_copy_kernel_cuda(at::TensorIteratorBase&)::{lambda(c10::BFloat16)#1}, std::array<char*, 2ul>)",108,478127,4427.101852,6.40,2005,24937,4920.110551
"void at::native::elementwise_kernel_manual_unroll<128, 8, at::native::gpu_kernel_impl_nocast<at::native::direct_copy_kernel_cuda(at::TensorIteratorBase&)::{lambda()#3}::operator()() const::{lambda()#12}::operator()() const::{lambda(c10::BFloat16)#1}>(at::TensorIteratorBase&, at::native::direct_copy_kernel_cuda(at::TensorIteratorBase&)::{lambda()#3}::operator()() const::{lambda()#12}::operator()() const::{lambda(c10::BFloat16)#1} const&)::{lambda(int, bool)#1}>(int, at::native::gpu_kernel_impl_nocast<at::native::direct_copy_kernel_cuda(at::TensorIteratorBase&)::{lambda()#3}::operator()() const::{lambda()#12}::operator()() const::{lambda(c10::BFloat16)#1}>(at::TensorIteratorBase&, at::native::direct_copy_kernel_cuda(at::TensorIteratorBase&)::{lambda()#3}::operator()() const::{lambda()#12}::operator()() const::{lambda(c10::BFloat16)#1} const&)::{lambda(int, bool)#1})",96,374607,3902.156250,5.02,2807,6535,720.995574
"void at::native::reduce_kernel<128, 4, at::native::ReduceOp<float, at::native::func_wrapper_t<float, at::native::sum_functor<float, float, float>::operator()(at::TensorIterator&)::{lambda(float, float)#1}>, unsigned int, float, 4, 4> >(at::native::ReduceOp<float, at::native::func_wrapper_t<float, at::native::sum_functor<float, float, float>::operator()(at::TensorIterator&)::{lambda(float, float)#1}>, unsigned int, float, 4, 4>)",20,368520,18426.000000,4.94,15796,22772,1609.426148
"void at::native::vectorized_elementwise_kernel<4, at::native::CUDAFunctor_add<float>, std::array<char*, 3ul> >(int, at::native::CUDAFunctor_add<float>, std::array<char*, 3ul>)",64,320092,5001.437500,4.29,2285,41815,9204.038922
"void (anonymous namespace)::foreach_marginal_energy_kernel<float, true>(long const*, int, int*, float*, float*, float*)",4,281721,70430.250000,3.77,67554,79019,5725.864382
"void at::native::elementwise_kernel_manual_unroll<128, 4, at::native::gpu_kernel_impl_nocast<at::native::BinaryFunctor<float, float, float, at::native::binary_internal::MulFunctor<float> > >(at::TensorIteratorBase&, at::native::BinaryFunctor<float, float, float, at::native::binary_internal::MulFunctor<float> > const&)::{lambda(int, bool)#1}>(int, at::native::gpu_kernel_impl_nocast<at::native::BinaryFunctor<float, float, float, at::native::binary_internal::MulFunctor<float> > >(at::TensorIteratorBase&, at::native::BinaryFunctor<float, float, float, at::native::binary_internal::MulFunctor<float> > const&)::{lambda(int, bool)#1})",80,271056,3388.200000,3.63,2766,5773,554.184779
"void (anonymous namespace)::foreach_output_kernel<float, false>(long const*, int, int*, float const*, float const*, float const*, float const*, float)",4,247645,61911.250000,3.32,59014,68637,4526.237538
"void at::native::vectorized_elementwise_kernel<4, at::native::BinaryFunctor<float, float, float, at::native::binary_internal::MulFunctor<float> >, std::array<char*, 3ul> >(int, at::native::BinaryFunctor<float, float, float, at::native::binary_internal::MulFunctor<float> >, std::array<char*, 3ul>)",80,219379,2742.237500,2.94,2205,9461,803.768753
"void (anonymous namespace)::foreach_raw_norm_kernel<float, false>(long const*, int, int*, float const*, float const*, float const*, float const*, float*)",4,204987,51246.750000,2.75,46706,62703,7654.544288
"void at::native::vectorized_elementwise_kernel<8, at::native::CUDAFunctor_add<c10::BFloat16>, std::array<char*, 3ul> >(int, at::native::CUDAFunctor_add<c10::BFloat16>, std::array<char*, 3ul>)",80,194724,2434.050000,2.61,2045,3127,208.074591
"void at::native::(anonymous namespace)::cunn_SoftMaxBackward<4, float, float, float, at::native::(anonymous namespace)::LogSoftMaxBackwardEpilogue>(float*, float const*, float const*, long)",4,192719,48179.750000,2.58,46065,52760,3143.855952
"void at::native::(anonymous namespace)::cunn_SoftMaxForward<4, float, float, float, at::native::(anonymous namespace)::LogSoftMaxForwardEpilogue>(float*, float const*, int)",4,182776,45694.000000,2.45,44742,46305,729.768456
"Cijk_Ailk_Bjlk_BBS_BH_Bias_HA_S_SAV_UserArgs_MT16x16x64_MI16x16x1_SN_LDSB0_AFC1_AG0_AGGSUA0_AGNTAB0_AFEM1_AFEM1_ASEM1_BL1_BS1_CD1_1_CLR0_CLS0_CADS0_DTLA0_DTLB0_DTLM0_DTVA0_DTVB0_DTVMXSA0_DTVMXSB0_DTVSM0_DPLB0_EPS0_ELFLR0_EMLLn1_FDSI1_GRPM1_GRVWA4_GRVWB4_GSUAMBSK_GLS0_HPLR0_ISA942_ICIW0_IU1_K1_LDSTI0_LBSPPA128_LBSPPB128_LBSPPMXSA0_LBSPPMXSB0_LBSPPM0_LPA16_LPB16_LPMXSA0_LPMXSB0_LPM0_LRVW4_LWPMn1_MIAV0_MIWT1_1_MXLIBL_MXSFNS_MO40_MGRIPM1_NTn1_NTA0_NTB0_NTC0_NTD4_NTE0_NTMXSA0_NTMXSB0_NTM0_NTWS0_NVn1_NVA0_NVB0_NVC0_NVD0_NVE0_NVMXSA0_NVMXSB0_NVM0_NVWS0_NEPBS8_NLCA1_NLCB1_ONLL1_PAP0_PGL0_PGR2_PLR0_PKA1_SGROB0_SIA3_SS1_SPO0_SRVW0_SSO0_SVW1_SK0_SKFTR0_SKFDPO0_SKWS0_SKXCCM0_SNLL0_SIP1_SGRO0_TDMI0_TDMIM0_TDMS0_TIN0_THn1_THA0_THB0_THC0_THD0_THE0_THMXSA0_THMXSB0_THM0_THWS0_TLDS0_TLDSM1_ULSGRO0_USL1_USLMX0_UDFMAC0_UIOFGRO0_UPLRP0_USFGROn1_USI0_VSn1_VWA1_VWB1_WSGRA0_WSGRB0_WS64_WG16_4_4_WGMXCC1",32,180890,5652.812500,2.42,5132,8299,664.110486
"Cijk_Alik_Bljk_BBS_BH_Bias_HA_S_SAV_UserArgs_MT192x256x64_MI16x16x1_SN_LDSB1_AFC1_AG0_AGGSUA0_AGNTAB0_AFEM1_AFEM1_ASEM1_BL1_BS1_CD1_1_CLR1_CLS0_CADS0_DTLA0_DTLB0_DTLM0_DTVA0_DTVB0_DTVMXSA0_DTVMXSB0_DTVSM0_DPLB0_EPS0_ELFLR0_EMLLn1_FDSI0_GRPM1_GRVWA8_GRVWB8_GSUAMBSK_GLS0_HPLR0_ISA942_ICIW0_IU1_K1_LDSTI0_LBSPPA512_LBSPPB512_LBSPPMXSA0_LBSPPMXSB0_LBSPPM0_LPA16_LPB16_LPMXSA0_LPMXSB0_LPM0_LRVW8_LWPMn1_MIAV0_MIWT12_4_MXLIBL_MXSFNS_MO40_MGRIPM1_NTn1_NTA0_NTB0_NTC0_NTD4_NTE0_NTMXSA0_NTMXSB0_NTM0_NTWS0_NVn1_NVA0_NVB0_NVC0_NVD0_NVE0_NVMXSA0_NVMXSB0_NVM0_NVWS0_NEPBS16_NLCA1_NLCB1_ONLL1_PAP0_PGL0_PGR2_PLR1_PKA1_SGROB0_SIA3_SS1_SPO0_SRVW0_SSO0_SVW4_SK0_SKFTR0_SKFDPO0_SKWS0_SKXCCM0_SNLL0_SIP1_SGRO0_TDMI0_TDMIM0_TDMS0_TIN0_THn1_THA0_THB0_THC0_THD0_THE0_THMXSA0_THMXSB0_THM0_THWS0_TLDS1_TLDSM1_ULSGRO1_USL1_USLMX0_UDFMAC0_UIOFGRO0_UPLRP0_USFGROn1_USI0_VSn1_VWA4_VWB4_WSGRA0_WSGRB0_WS64_WG16_16_1_WGMXCC1",4,165497,41374.250000,2.22,39329,47148,3850.146869
"Cijk_Ailk_Bljk_BBS_BH_Bias_HA_S_SAV_UserArgs_MT16x16x128_MI16x16x1_SN_LDSB0_AFC1_AG0_AGGSUA0_AGNTAB0_AFEM1_AFEM1_ASEM1_BL1_BS1_CD1_1_CLR1_CLS0_CADS0_DTLA0_DTLB0_DTLM0_DTVA0_DTVB0_DTVMXSA0_DTVMXSB0_DTVSM0_DPLB0_EPS0_ELFLR0_EMLLn1_FDSI0_GRPM1_GRVWA8_GRVWB8_GSUAMBSK_GLS0_HPLR0_ISA942_ICIW0_IU1_K1_LDSTI0_LBSPPA256_LBSPPB256_LBSPPMXSA0_LBSPPMXSB0_LBSPPM0_LPA16_LPB16_LPMXSA0_LPMXSB0_LPM0_LRVW8_LWPMn1_MIAV0_MIWT1_1_MXLIBL_MXSFNS_MO40_MGRIPM1_NTn1_NTA0_NTB0_NTC0_NTD4_NTE0_NTMXSA0_NTMXSB0_NTM0_NTWS0_NVn1_NVA0_NVB0_NVC0_NVD0_NVE0_NVMXSA0_NVMXSB0_NVM0_NVWS0_NEPBS8_NLCA1_NLCB1_ONLL1_PAP0_PGL0_PGR2_PLR1_PKA1_SGROB0_SIA3_SS1_SPO0_SRVW0_SSO0_SVW1_SK0_SKFTR0_SKFDPO0_SKWS0_SKXCCM0_SNLL0_SIP1_SGRO0_TDMI0_TDMIM0_TDMS0_TIN0_THn1_THA0_THB0_THC0_THD0_THE0_THMXSA0_THMXSB0_THM0_THWS0_TLDS1_TLDSM1_ULSGRO1_USL1_USLMX0_UDFMAC0_UIOFGRO0_UPLRP0_USFGROn1_USI0_VSn1_VWA1_VWB1_WSGRA0_WSGRB0_WS64_WG16_4_4_WGMXCC1",32,159841,4995.031250,2.14,4450,6495,467.856160
"Cijk_Ailk_Bljk_BBS_BH_Bias_HA_S_SAV_UserArgs_MT64x64x128_MI16x16x1_SN_LDSB1_AFC1_AG0_AGGSUA0_AGNTAB0_AFEM1_AFEM1_ASEM1_BL1_BS1_CD1_1_CLR1_CLS0_CADS0_DTLA0_DTLB0_DTLM0_DTVA0_DTVB0_DTVMXSA0_DTVMXSB0_DTVSM0_DPLB0_EPS0_ELFLR0_EMLLn1_FDSI0_GRPM1_GRVWA8_GRVWB8_GSUAMBSK_GLS0_HPLR0_ISA942_ICIW0_IU1_K1_LDSTI0_LBSPPA0_LBSPPB1024_LBSPPMXSA0_LBSPPMXSB0_LBSPPM0_LPA0_LPB16_LPMXSA0_LPMXSB0_LPM0_LRVW8_LWPMn1_MIAV0_MIWT4_4_MXLIBL_MXSFNS_MO40_MGRIPM1_NTn1_NTA0_NTB0_NTC0_NTD4_NTE0_NTMXSA0_NTMXSB0_NTM0_NTWS0_NVn1_NVA0_NVB0_NVC0_NVD0_NVE0_NVMXSA0_NVMXSB0_NVM0_NVWS0_NEPBS8_NLCA1_NLCB1_ONLL1_PAP0_PGL0_PGR2_PLR1_PKA1_SGROB0_SIA3_SS1_SPO0_SRVW0_SSO0_SVW4_SK0_SKFTR0_SKFDPO0_SKWS0_SKXCCM0_SNLL0_SIP1_SGRO0_TDMI0_TDMIM0_TDMS0_TIN0_THn1_THA0_THB0_THC0_THD0_THE0_THMXSA0_THMXSB0_THM0_THWS0_TLDS1_TLDSM1_ULSGRO0_USL1_USLMX0_UDFMAC0_UIOFGRO0_UPLRP0_USFGROn1_USI0_VSn1_VWA4_VWB4_WSGRA0_WSGRB0_WS64_WG16_4_4_WGMXCC1",4,151304,37826.000000,2.03,36242,41415,2412.823381
"void at::native::vectorized_elementwise_kernel<4, at::native::FillFunctor<float>, std::array<char*, 1ul> >(int, at::native::FillFunctor<float>, std::array<char*, 1ul>)",12,146253,12187.750000,1.96,2045,21408,7631.332710
"Cijk_Alik_Bljk_BBS_BH_UserArgs_MT32x16x256_MI16x16x1_SN_LDSB0_AFC0_AG0_AGGSUA0_AGNTAB0_AFEM8_AFEM8_ASEM32_BL1_BS1_CD1_1_CLR1_CLS0_CADS0_DTLA0_DTLB0_DTLM0_DTVA0_DTVB0_DTVMXSA0_DTVMXSB0_DTVSM0_DPLB0_EPS0_ELFLR0_EMLLn1_FDSI0_GRPM1_GRVWA8_GRVWB8_GSUAMB_GLS0_HPLR0_ISA942_ICIW0_IU1_K1_LDSTI0_LBSPPA512_LBSPPB512_LBSPPMXSA0_LBSPPMXSB0_LBSPPM0_LPA16_LPB16_LPMXSA0_LPMXSB0_LPMn1_LRVW8_LWPMn1_MIAV0_MIWT1_1_MXLIBL_MXSFNS_MO40_MGRIPM1_NTn1_NTA0_NTB0_NTC0_NTD0_NTE0_NTMXSA0_NTMXSB0_NTM0_NTWS0_NVn1_NVA0_NVB0_NVC0_NVD0_NVE0_NVMXSA0_NVMXSB0_NVM0_NVWS0_NEPBS0_NLCA1_NLCB1_ONLL1_PAP0_PGL0_PGR2_PLR1_PKA1_SGROB0_SIA3_SS1_SPO0_SRVW0_SSO0_SVW1_SK0_SKFTR0_SKFDPO0_SKWS0_SKXCCM0_SNLL0_SIP1_SGRO0_TDMI0_TDMIM0_TDMS0_TIN0_THn1_THA0_THB0_THC0_THD0_THE0_THMXSA0_THMXSB0_THM0_THWS0_TLDS1_TLDSM1_ULSGRO0_USL1_USLMX0_UDFMAC0_UIOFGRO0_UPLRP0_USFGROn1_USI0_VSn1_VWA1_VWB1_WSGRA0_WSGRB0_WS64_WG32_4_1_WGMXCC1",32,125446,3920.187500,1.68,3207,6495,790.257183
"Cijk_Ailk_Bljk_BBS_BH_Bias_HA_S_SAV_UserArgs_MT32x16x128_MI16x16x1_SN_LDSB0_AFC1_AG0_AGGSUA0_AGNTAB0_AFEM1_AFEM1_ASEM1_BL1_BS1_CD1_1_CLR1_CLS0_CADS0_DTLA0_DTLB0_DTLM0_DTVA0_DTVB0_DTVMXSA0_DTVMXSB0_DTVSM0_DPLB0_EPS0_ELFLR0_EMLLn1_FDSI0_GRPM1_GRVWA8_GRVWB8_GSUAMBSK_GLS0_HPLR0_ISA942_ICIW0_IU1_K1_LDSTI0_LBSPPA512_LBSPPB256_LBSPPMXSA0_LBSPPMXSB0_LBSPPM0_LPA32_LPB16_LPMXSA0_LPMXSB0_LPM0_LRVW8_LWPMn1_MIAV0_MIWT2_1_MXLIBL_MXSFNS_MO40_MGRIPM1_NTn1_NTA0_NTB0_NTC0_NTD4_NTE0_NTMXSA0_NTMXSB0_NTM0_NTWS0_NVn1_NVA0_NVB0_NVC0_NVD0_NVE0_NVMXSA0_NVMXSB0_NVM0_NVWS0_NEPBS8_NLCA1_NLCB1_ONLL1_PAP0_PGL0_PGR2_PLR1_PKA1_SGROB0_SIA3_SS1_SPO0_SRVW0_SSO0_SVW2_SK0_SKFTR0_SKFDPO0_SKWS0_SKXCCM0_SNLL0_SIP1_SGRO0_TDMI0_TDMIM0_TDMS0_TIN0_THn1_THA0_THB0_THC0_THD0_THE0_THMXSA0_THMXSB0_THM0_THWS0_TLDS1_TLDSM1_ULSGRO1_USL1_USLMX0_UDFMAC0_UIOFGRO0_UPLRP0_USFGROn1_USI0_VSn1_VWA2_VWB1_WSGRA0_WSGRB0_WS64_WG16_4_4_WGMXCC1",16,124201,7762.562500,1.66,7176,9622,690.417841
"__amd_rocclr_copyBuffer",35,113336,3238.171429,1.52,1964,8099,1775.919985
"Cijk_Ailk_Bjlk_BBS_BH_Bias_HA_S_SAV_UserArgs_MT256x192x32_MI16x16x1_SN_LDSB0_AFC1_AG0_AGGSUA0_AGNTAB0_AFEM1_AFEM1_ASEM1_BL1_BS1_CD1_1_CLR1_CLS0_CADS0_DTLA0_DTLB0_DTLM0_DTVA0_DTVB0_DTVMXSA0_DTVMXSB0_DTVSM0_DPLB0_EPS0_ELFLR0_EMLLn1_FDSI1_GRPM1_GRVWA8_GRVWB8_GSUAMB_GLS0_HPLR0_ISA942_ICIW0_IU1_K1_LDSTI0_LBSPPA0_LBSPPB1536_LBSPPMXSA0_LBSPPMXSB0_LBSPPM0_LPA0_LPB32_LPMXSA0_LPMXSB0_LPM0_LRVW4_LWPMn1_MIAV0_MIWT8_6_MXLIBL_MXSFNS_MO40_MGRIPM1_NTn1_NTA0_NTB0_NTC0_NTD4_NTE0_NTMXSA0_NTMXSB0_NTM0_NTWS0_NVn1_NVA0_NVB0_NVC0_NVD0_NVE0_NVMXSA0_NVMXSB0_NVM0_NVWS0_NEPBS8_NLCA1_NLCB3_ONLL1_PAP0_PGL0_PGR2_PLR1_PKA1_SGROB0_SIA3_SS1_SPO0_SRVW0_SSO0_SVW8_SK0_SKFTR0_SKFDPO0_SKWS0_SKXCCM0_SNLL0_SIP1_SGRO0_TDMI0_TDMIM0_TDMS0_TIN0_THn1_THA0_THB0_THC0_THD0_THE0_THMXSA0_THMXSB0_THM0_THWS0_TLDS0_TLDSM1_ULSGRO0_USL1_USLMX0_UDFMAC0_UIOFGRO0_UPLRP0_USFGROn1_USI0_VSn1_VWA8_VWB2_WSGRA0_WSGRB0_WS64_WG32_8_1_WGMXCC1",4,108445,27111.250000,1.45,26700,27943,571.006348
"Cijk_Ailk_Bjlk_BBS_BH_Bias_HA_S_SAV_UserArgs_MT32x32x64_MI16x16x1_SN_LDSB0_AFC1_AG0_AGGSUA0_AGNTAB0_AFEM1_AFEM1_ASEM1_BL1_BS1_CD1_1_CLR1_CLS0_CADS0_DTLA0_DTLB0_DTLM0_DTVA0_DTVB0_DTVMXSA0_DTVMXSB0_DTVSM0_DPLB0_EPS0_ELFLR0_EMLLn1_FDSI1_GRPM1_GRVWA8_GRVWB8_GSUAMBSK_GLS0_HPLR0_ISA942_ICIW0_IU1_K1_LDSTI0_LBSPPA256_LBSPPB256_LBSPPMXSA0_LBSPPMXSB0_LBSPPM0_LPA32_LPB16_LPMXSA0_LPMXSB0_LPM0_LRVW4_LWPMn1_MIAV0_MIWT2_1_MXLIBL_MXSFNS_MO40_MGRIPM1_NTn1_NTA0_NTB0_NTC0_NTD4_NTE0_NTMXSA0_NTMXSB0_NTM0_NTWS0_NVn1_NVA0_NVB0_NVC0_NVD0_NVE0_NVMXSA0_NVMXSB0_NVM0_NVWS0_NEPBS8_NLCA1_NLCB1_ONLL1_PAP0_PGL0_PGR2_PLR1_PKA1_SGROB0_SIA3_SS1_SPO0_SRVW0_SSO0_SVW2_SK0_SKFTR0_SKFDPO0_SKWS0_SKXCCM0_SNLL0_SIP1_SGRO0_TDMI0_TDMIM0_TDMS0_TIN0_THn1_THA0_THB0_THC0_THD0_THE0_THMXSA0_THMXSB0_THM0_THWS0_TLDS0_TLDSM1_ULSGRO0_USL1_USLMX0_UDFMAC0_UIOFGRO0_UPLRP0_USFGROn1_USI0_VSn1_VWA2_VWB1_WSGRA0_WSGRB0_WS64_WG16_8_2_WGMXCC1",16,106000,6625.000000,1.42,5973,8780,693.088162
"attn_fwd",8,100027,12503.375000,1.34,11746,14633,1012.687081
"void at::native::vectorized_elementwise_kernel<4, at::native::AUnaryFunctor<float, float, float, at::native::binary_internal::MulFunctor<float> >, std::array<char*, 2ul> >(int, at::native::AUnaryFunctor<float, float, float, at::native::binary_internal::MulFunctor<float> >, std::array<char*, 2ul>)",40,99705,2492.625000,1.34,1805,3648,373.805083
"void at::native::reduce_kernel<512, 1, at::native::ReduceOp<float, at::native::func_wrapper_t<float, at::native::sum_functor<float, float, float>::operator()(at::TensorIterator&)::{lambda(float, float)#1}>, unsigned int, float, 4, 4> >(at::native::ReduceOp<float, at::native::func_wrapper_t<float, at::native::sum_functor<float, float, float>::operator()(at::TensorIterator&)::{lambda(float, float)#1}>, unsigned int, float, 4, 4>)",20,86237,4311.850000,1.16,3689,5773,579.215647
"void at::native::reduce_kernel<512, 1, at::native::ReduceOp<float, at::native::MeanOps<float, float, float, float>, unsigned int, float, 4, 4> >(at::native::ReduceOp<float, at::native::MeanOps<float, float, float, float>, unsigned int, float, 4, 4>)",20,83309,4165.450000,1.12,3488,6575,859.580955
"Cijk_Alik_Bljk_BBS_BH_Bias_HA_S_SAV_UserArgs_MT32x32x128_MI16x16x1_SN_LDSB1_AFC1_AG0_AGGSUA0_AGNTAB0_AFEM1_AFEM1_ASEM1_BL1_BS1_CD1_1_CLR1_CLS0_CADS0_DTLA0_DTLB0_DTLM0_DTVA0_DTVB0_DTVMXSA0_DTVMXSB0_DTVSM0_DPLB0_EPS0_ELFLR0_EMLLn1_FDSI0_GRPM1_GRVWA8_GRVWB8_GSUAMBSK_GLS0_HPLR0_ISA942_ICIW0_IU1_K1_LDSTI0_LBSPPA256_LBSPPB256_LBSPPMXSA0_LBSPPMXSB0_LBSPPM0_LPA16_LPB16_LPMXSA0_LPMXSB0_LPM0_LRVW8_LWPMn1_MIAV0_MIWT1_1_MXLIBL_MXSFNS_MO40_MGRIPM1_NTn1_NTA0_NTB0_NTC0_NTD4_NTE0_NTMXSA0_NTMXSB0_NTM0_NTWS0_NVn1_NVA0_NVB0_NVC0_NVD0_NVE0_NVMXSA0_NVMXSB0_NVM0_NVWS0_NEPBS16_NLCA1_NLCB1_ONLL1_PAP0_PGL0_PGR2_PLR1_PKA1_SGROB0_SIA3_SS1_SPO0_SRVW0_SSO0_SVW1_SK0_SKFTR0_SKFDPO0_SKWS0_SKXCCM0_SNLL0_SIP1_SGRO0_TDMI0_TDMIM0_TDMS0_TIN0_THn1_THA0_THB0_THC0_THD0_THE0_THMXSA0_THMXSB0_THM0_THWS0_TLDS1_TLDSM1_ULSGRO0_USL1_USLMX0_UDFMAC0_UIOFGRO0_UPLRP0_USFGROn1_USI0_VSn1_VWA1_VWB1_WSGRA0_WSGRB0_WS64_WG32_8_1_WGMXCC1",16,82106,5131.625000,1.10,4410,7256,929.391907
"bwd_kernel_fuse",8,81384,10173.000000,1.09,9261,11386,729.158027
"void at::native::(anonymous namespace)::embedding_backward_feature_kernel<float, float, long>(long const*, float const*, float*, int, long, int)",4,81266,20316.500000,1.09,19485,21770,1000.102828
"void at::native::vectorized_elementwise_kernel<4, at::native::cos_kernel_cuda(at::TensorIteratorBase&)::{lambda()#2}::operator()() const::{lambda()#2}::operator()() const::{lambda(float)#1}, std::array<char*, 2ul> >(int, at::native::cos_kernel_cuda(at::TensorIteratorBase&)::{lambda()#2}::operator()() const::{lambda()#2}::operator()() const::{lambda(float)#1}, std::array<char*, 2ul>)",16,80183,5011.437500,1.07,3889,8579,1406.752997
"void at::native::vectorized_elementwise_kernel<4, at::native::sin_kernel_cuda(at::TensorIteratorBase&)::{lambda()#2}::operator()() const::{lambda()#2}::operator()() const::{lambda(float)#1}, std::array<char*, 2ul> >(int, at::native::sin_kernel_cuda(at::TensorIteratorBase&)::{lambda()#2}::operator()() const::{lambda()#2}::operator()() const::{lambda(float)#1}, std::array<char*, 2ul>)",16,78899,4931.187500,1.06,3969,8980,1406.015468
"void at::native::vectorized_elementwise_kernel<8, at::native::BinaryFunctor<c10::BFloat16, c10::BFloat16, c10::BFloat16, at::native::binary_internal::MulFunctor<float> >, std::array<char*, 3ul> >(int, at::native::BinaryFunctor<c10::BFloat16, c10::BFloat16, c10::BFloat16, at::native::binary_internal::MulFunctor<float> >, std::array<char*, 3ul>)",24,67312,2804.666667,0.9017,2406,3768,320.703800
"void at::native::vectorized_templated_elementwise_kernel<4, at::native::CUDAFunctor_add<float>, std::array<char*, 3ul>, TrivialOffsetCalculator<2, unsigned int>, TrivialOffsetCalculator<1, unsigned int>, at::native::memory::LoadWithCast<2>, at::native::memory::StoreWithCast<1>, float, float, c10::BFloat16>(int, at::native::CUDAFunctor_add<float>, std::array<char*, 3ul>, TrivialOffsetCalculator<2, unsigned int>, TrivialOffsetCalculator<1, unsigned int>, at::native::memory::LoadWithCast<2>, at::native::memory::StoreWithCast<1>)",16,66952,4184.500000,0.8969,3648,5733,506.150570
"void at::native::elementwise_kernel_manual_unroll<128, 4, at::native::gpu_kernel_impl_nocast<at::native::BUnaryFunctor<float, float, float, at::native::binary_internal::MulFunctor<float> > >(at::TensorIteratorBase&, at::native::BUnaryFunctor<float, float, float, at::native::binary_internal::MulFunctor<float> > const&)::{lambda(int, bool)#1}>(int, at::native::gpu_kernel_impl_nocast<at::native::BUnaryFunctor<float, float, float, at::native::binary_internal::MulFunctor<float> > >(at::TensorIteratorBase&, at::native::BUnaryFunctor<float, float, float, at::native::binary_internal::MulFunctor<float> > const&)::{lambda(int, bool)#1})",20,64988,3249.400000,0.8706,2646,6214,759.324589
"void at::native::vectorized_elementwise_kernel<4, at::native::rsqrt_kernel_cuda(at::TensorIteratorBase&)::{lambda()#2}::operator()() const::{lambda()#2}::operator()() const::{lambda(float)#1}, std::array<char*, 2ul> >(int, at::native::rsqrt_kernel_cuda(at::TensorIteratorBase&)::{lambda()#2}::operator()() const::{lambda()#2}::operator()() const::{lambda(float)#1}, std::array<char*, 2ul>)",20,64586,3229.300000,0.8652,2526,4450,446.733065
"void at::native::vectorized_elementwise_kernel<8, at::native::FillFunctor<c10::BFloat16>, std::array<char*, 1ul> >(int, at::native::FillFunctor<c10::BFloat16>, std::array<char*, 1ul>)",32,61499,1921.843750,0.8238,1564,3208,298.164180
"Cijk_Alik_Bljk_BBS_BH_Bias_HA_S_SAV_UserArgs_MT16x16x512_MI16x16x1_SN_LDSB1_AFC1_AG0_AGGSUA0_AGNTAB0_AFEM1_AFEM1_ASEM1_BL1_BS1_CD1_1_CLR1_CLS0_CADS0_DTLA0_DTLB0_DTLM0_DTVA0_DTVB0_DTVMXSA0_DTVMXSB0_DTVSM0_DPLB0_EPS0_ELFLR0_EMLLn1_FDSI0_GRPM1_GRVWA8_GRVWB8_GSUAMBSK_GLS0_HPLR0_ISA942_ICIW0_IU1_K1_LDSTI0_LBSPPA1024_LBSPPB1024_LBSPPMXSA0_LBSPPMXSB0_LBSPPM0_LPA16_LPB16_LPMXSA0_LPMXSB0_LPM0_LRVW8_LWPMn1_MIAV0_MIWT1_1_MXLIBL_MXSFNS_MO40_MGRIPM1_NTn1_NTA0_NTB0_NTC0_NTD4_NTE0_NTMXSA0_NTMXSB0_NTM0_NTWS0_NVn1_NVA0_NVB0_NVC0_NVD0_NVE0_NVMXSA0_NVMXSB0_NVM0_NVWS0_NEPBS16_NLCA1_NLCB1_ONLL1_PAP0_PGL0_PGR2_PLR1_PKA1_SGROB0_SIA3_SS1_SPO0_SRVW0_SSO0_SVW1_SK0_SKFTR0_SKFDPO0_SKWS0_SKXCCM0_SNLL0_SIP1_SGRO0_TDMI0_TDMIM0_TDMS0_TIN0_THn1_THA0_THB0_THC0_THD0_THE0_THMXSA0_THMXSB0_THM0_THWS0_TLDS1_TLDSM1_ULSGRO0_USL1_USLMX0_UDFMAC0_UIOFGRO0_UPLRP0_USFGROn1_USI0_VSn1_VWA1_VWB1_WSGRA0_WSGRB0_WS64_WG16_4_4_WGMXCC1",8,56810,7101.250000,0.7610,6375,8700,831.120027
"Cijk_Ailk_Bjlk_BBS_BH_Bias_HA_S_SAV_UserArgs_MT32x32x128_MI16x16x1_SN_LDSB1_AFC1_AG0_AGGSUA0_AGNTAB0_AFEM1_AFEM1_ASEM1_BL1_BS1_CD1_1_CLR1_CLS0_CADS0_DTLA0_DTLB0_DTLM0_DTVA0_DTVB0_DTVMXSA0_DTVMXSB0_DTVSM0_DPLB0_EPS0_ELFLR0_EMLLn1_FDSI1_GRPM1_GRVWA8_GRVWB8_GSUAMBSK_GLS0_HPLR0_ISA942_ICIW0_IU1_K1_LDSTI0_LBSPPA256_LBSPPB256_LBSPPMXSA0_LBSPPMXSB0_LBSPPM0_LPA32_LPB32_LPMXSA0_LPMXSB0_LPM0_LRVW4_LWPMn1_MIAV0_MIWT2_2_MXLIBL_MXSFNS_MO40_MGRIPM1_NTn1_NTA0_NTB0_NTC0_NTD4_NTE0_NTMXSA0_NTMXSB0_NTM0_NTWS0_NVn1_NVA0_NVB0_NVC0_NVD0_NVE0_NVMXSA0_NVMXSB0_NVM0_NVWS0_NEPBS8_NLCA1_NLCB1_ONLL1_PAP0_PGL0_PGR2_PLR1_PKA1_SGROB0_SIA3_SS1_SPO0_SRVW0_SSO0_SVW2_SK0_SKFTR0_SKFDPO0_SKWS0_SKXCCM0_SNLL0_SIP1_SGRO0_TDMI0_TDMIM0_TDMS0_TIN0_THn1_THA0_THB0_THC0_THD0_THE0_THMXSA0_THMXSB0_THM0_THWS0_TLDS0_TLDSM1_ULSGRO0_USL1_USLMX0_UDFMAC0_UIOFGRO0_UPLRP0_USFGROn1_USI0_VSn1_VWA2_VWB2_WSGRA0_WSGRB0_WS64_WG16_4_4_WGMXCC1",8,55286,6910.750000,0.7406,6254,8379,683.382083
"void at::native::elementwise_kernel_manual_unroll<128, 8, at::native::gpu_kernel_impl_nocast<at::native::neg_kernel_cuda(at::TensorIteratorBase&)::{lambda()#2}::operator()() const::{lambda()#9}::operator()() const::{lambda(c10::BFloat16)#1}>(at::TensorIteratorBase&, at::native::neg_kernel_cuda(at::TensorIteratorBase&)::{lambda()#2}::operator()() const::{lambda()#9}::operator()() const::{lambda(c10::BFloat16)#1} const&)::{lambda(int, bool)#1}>(int, at::native::gpu_kernel_impl_nocast<at::native::neg_kernel_cuda(at::TensorIteratorBase&)::{lambda()#2}::operator()() const::{lambda()#9}::operator()() const::{lambda(c10::BFloat16)#1}>(at::TensorIteratorBase&, at::native::neg_kernel_cuda(at::TensorIteratorBase&)::{lambda()#2}::operator()() const::{lambda()#9}::operator()() const::{lambda(c10::BFloat16)#1} const&)::{lambda(int, bool)#1})",16,54606,3412.875000,0.7315,2766,5613,826.010563
"void at::native::vectorized_elementwise_kernel<4, at::native::(anonymous namespace)::pow_tensor_scalar_kernel_impl<float, float>(at::TensorIteratorBase&, float)::{lambda(float)#1}, std::array<char*, 2ul> >(int, at::native::(anonymous namespace)::pow_tensor_scalar_kernel_impl<float, float>(at::TensorIteratorBase&, float)::{lambda(float)#1}, std::array<char*, 2ul>)",20,54365,2718.250000,0.7283,1884,7096,1199.327525
"void at::native::vectorized_elementwise_kernel<4, at::native::(anonymous namespace)::pow_tensor_scalar_kernel_impl<float, float>(at::TensorIteratorBase&, float)::{lambda(float)#2}, std::array<char*, 2ul> >(int, at::native::(anonymous namespace)::pow_tensor_scalar_kernel_impl<float, float>(at::TensorIteratorBase&, float)::{lambda(float)#2}, std::array<char*, 2ul>)",20,47790,2389.500000,0.6402,1924,3568,374.251604
"Cijk_Ailk_Bljk_BBS_BH_Bias_HA_S_SAV_UserArgs_MT32x32x128_MI16x16x1_SN_LDSB1_AFC1_AG0_AGGSUA0_AGNTAB0_AFEM1_AFEM1_ASEM1_BL1_BS1_CD1_1_CLR1_CLS0_CADS0_DTLA0_DTLB0_DTLM0_DTVA0_DTVB0_DTVMXSA0_DTVMXSB0_DTVSM0_DPLB0_EPS0_ELFLR0_EMLLn1_FDSI0_GRPM1_GRVWA8_GRVWB8_GSUAMBSK_GLS0_HPLR0_ISA942_ICIW0_IU1_K1_LDSTI0_LBSPPA512_LBSPPB256_LBSPPMXSA0_LBSPPMXSB0_LBSPPM0_LPA16_LPB16_LPMXSA0_LPMXSB0_LPM0_LRVW8_LWPMn1_MIAV0_MIWT1_1_MXLIBL_MXSFNS_MO40_MGRIPM1_NTn1_NTA0_NTB0_NTC0_NTD4_NTE0_NTMXSA0_NTMXSB0_NTM0_NTWS0_NVn1_NVA0_NVB0_NVC0_NVD0_NVE0_NVMXSA0_NVMXSB0_NVM0_NVWS0_NEPBS8_NLCA1_NLCB1_ONLL1_PAP0_PGL0_PGR2_PLR1_PKA1_SGROB0_SIA3_SS1_SPO0_SRVW0_SSO0_SVW1_SK0_SKFTR0_SKFDPO0_SKWS0_SKXCCM0_SNLL0_SIP1_SGRO0_TDMI0_TDMIM0_TDMS0_TIN0_THn1_THA0_THB0_THC0_THD0_THE0_THMXSA0_THMXSB0_THM0_THWS0_TLDS1_TLDSM1_ULSGRO0_USL1_USLMX0_UDFMAC0_UIOFGRO0_UPLRP0_USFGROn1_USI0_VSn1_VWA1_VWB1_WSGRA0_WSGRB0_WS64_WG32_8_1_WGMXCC1",8,46986,5873.250000,0.6294,5092,7217,731.552508
"void at::native::vectorized_elementwise_kernel<4, at::native::CUDAFunctorOnSelf_add<float>, std::array<char*, 2ul> >(int, at::native::CUDAFunctorOnSelf_add<float>, std::array<char*, 2ul>)",20,44462,2223.100000,0.5956,1844,2806,255.945492
"void at::native::(anonymous namespace)::nll_loss_forward_reduce_cuda_kernel_2d<float, float, long>(float*, float*, float const*, long const*, float const*, bool, long, long, long, long)",4,36362,9090.500000,0.4871,8259,10704,1096.025699
"void at::native::vectorized_elementwise_kernel<8, at::native::(anonymous namespace)::silu_backward_kernel(at::TensorIteratorBase&)::{lambda()#1}::operator()() const::{lambda()#4}::operator()() const::{lambda(c10::BFloat16, c10::BFloat16)#1}, std::array<char*, 3ul> >(int, at::native::(anonymous namespace)::silu_backward_kernel(at::TensorIteratorBase&)::{lambda()#1}::operator()() const::{lambda()#4}::operator()() const::{lambda(c10::BFloat16, c10::BFloat16)#1}, std::array<char*, 3ul>)",8,31754,3969.250000,0.4254,3689,4691,317.941032
"void at::native::vectorized_elementwise_kernel<8, at::native::(anonymous namespace)::silu_kernel(at::TensorIteratorBase&)::{lambda()#1}::operator()() const::{lambda()#6}::operator()() const::{lambda(c10::BFloat16)#1}, std::array<char*, 2ul> >(int, at::native::(anonymous namespace)::silu_kernel(at::TensorIteratorBase&)::{lambda()#1}::operator()() const::{lambda()#6}::operator()() const::{lambda(c10::BFloat16)#1}, std::array<char*, 2ul>)",8,30349,3793.625000,0.4066,3288,5252,623.662669
"(anonymous namespace)::foreach_analysis_finalize_kernel(long const*, int const*, int*, int)",4,22971,5742.750000,0.3077,5492,6214,331.392391
"void at::native::(anonymous namespace)::nll_loss_backward_reduce_cuda_kernel_2d<float, long>(float*, float const*, long const*, float const*, float const*, bool, int, int, long, long)",4,20327,5081.750000,0.2723,4009,5693,741.869429
"__amd_rocclr_fillBufferUnAligned",2,19685,9842.500000,0.2637,9622,10063,311.834091
"void at::native::vectorized_elementwise_kernel<4, at::native::FillFunctor<int>, std::array<char*, 1ul> >(int, at::native::FillFunctor<int>, std::array<char*, 1ul>)",8,15796,1974.500000,0.2116,1483,2406,337.420043
"void at::native::vectorized_gather_kernel<16, long>(char*, char*, long*, int, long, long, long, long, bool)",4,14955,3738.750000,0.2003,3128,5011,868.383316
"(anonymous namespace)::foreach_finalize_scale_kernel(long const*, int*, float*, float const*, int)",4,10987,2746.750000,0.1472,2326,3488,521.958731
"(anonymous namespace)::foreach_initialize_kernel(int*, float*, float*, float*, float*, long, float*, long, int, bool)",4,9583,2395.750000,0.1284,1845,3729,894.426213
"void at::native::(anonymous namespace)::distribution_elementwise_grid_stride_kernel<unsigned int, 4, at::native::templates::cuda::random_from_to_kernel<at::CUDAGeneratorImpl*>(at::TensorIteratorBase&, unsigned long, long, at::CUDAGeneratorImpl*)::{lambda()#1}::operator()() const::{lambda()#4}::operator()() const::{lambda(hiprandStatePhilox4_32_10*)#2}, at::native::(anonymous namespace)::distribution_nullary_kernel<long, unsigned int, HIP_vector_type<unsigned int, 4u>, at::CUDAGeneratorImpl*, at::native::templates::cuda::random_from_to_kernel<at::CUDAGeneratorImpl*>(at::TensorIteratorBase&, unsigned long, long, at::CUDAGeneratorImpl*)::{lambda()#1}::operator()() const::{lambda()#4}::operator()() const::{lambda(hiprandStatePhilox4_32_10*)#2}, at::native::templates::cuda::random_from_to_kernel<at::CUDAGeneratorImpl*>(at::TensorIteratorBase&, unsigned long, long, at::CUDAGeneratorImpl*)::{lambda()#1}::operator()() const::{lambda()#4}::operator()() const::{lambda(unsigned int)#1}>(at::TensorIteratorBase&, at::CUDAGeneratorImpl*, at::native::templates::cuda::random_from_to_kernel<at::CUDAGeneratorImpl*>(at::TensorIteratorBase&, unsigned long, long, at::CUDAGeneratorImpl*)::{lambda()#1}::operator()() const::{lambda()#4}::operator()() const::{lambda(hiprandStatePhilox4_32_10*)#2} const&, at::native::templates::cuda::random_from_to_kernel<at::CUDAGeneratorImpl*>(at::TensorIteratorBase&, unsigned long, long, at::CUDAGeneratorImpl*)::{lambda()#1}::operator()() const::{lambda()#4}::operator()() const::{lambda(unsigned int)#1})::{lambda(int, unsigned int)#1}>(long, at::PhiloxCudaState, at::native::templates::cuda::random_from_to_kernel<at::CUDAGeneratorImpl*>(at::TensorIteratorBase&, unsigned long, long, at::CUDAGeneratorImpl*)::{lambda()#1}::operator()() const::{lambda()#4}::operator()() const::{lambda(hiprandStatePhilox4_32_10*)#2}, at::native::(anonymous namespace)::distribution_nullary_kernel<long, unsigned int, HIP_vector_type<unsigned int, 4u>, at::CUDAGeneratorImpl*, at::native::templates::cuda::random_from_to_kernel<at::CUDAGeneratorImpl*>(at::TensorIteratorBase&, unsigned long, long, at::CUDAGeneratorImpl*)::{lambda()#1}::operator()() const::{lambda()#4}::operator()() const::{lambda(hiprandStatePhilox4_32_10*)#2}, at::native::templates::cuda::random_from_to_kernel<at::CUDAGeneratorImpl*>(at::TensorIteratorBase&, unsigned long, long, at::CUDAGeneratorImpl*)::{lambda()#1}::operator()() const::{lambda()#4}::operator()() const::{lambda(unsigned int)#1}>(at::TensorIteratorBase&, at::CUDAGeneratorImpl*, at::native::templates::cuda::random_from_to_kernel<at::CUDAGeneratorImpl*>(at::TensorIteratorBase&, unsigned long, long, at::CUDAGeneratorImpl*)::{lambda()#1}::operator()() const::{lambda()#4}::operator()() const::{lambda(hiprandStatePhilox4_32_10*)#2} const&, at::native::templates::cuda::random_from_to_kernel<at::CUDAGeneratorImpl*>(at::TensorIteratorBase&, unsigned long, long, at::CUDAGeneratorImpl*)::{lambda()#1}::operator()() const::{lambda()#4}::operator()() const::{lambda(unsigned int)#1})::{lambda(int, unsigned int)#1})",2,7217,3608.500000,0.0967,3047,4170,794.080915
"(anonymous namespace)::foreach_inverse_maximum_kernel(int const*, float*, int)",4,7137,1784.250000,0.0956,1484,2325,379.245193
